{
    "camera_matrix": [
        [
            12109.694873965924,
            0.0,
            934.637299595966
        ],
        [
            0.0,
            12151.426506098902,
            594.9944354164497
        ],
        [
            0.0,
            0.0,
            1.0
        ]
    ],
    "dist_coeffs": [
        [
            1.7693303204452386,
            11.263918922819547,
            0.006022622510192515,
            -0.006009528784635965,
            0.9722140023459511
        ]
    ],
    "checkerboard_size": [
        11,
        8
    ],
    "square_size_mm": 15
}